frame	time	dir	bmRequestType	bRequest	wValue	wIndex	wLength	setup_report_type	setup_report_id	data_len	payload
1	0.000000000	0x00	0x80	6			18			8	8006000100001200
2	0.000000000	0x01								18	12010002ef020140de280213070301020301
3	0.000000000	0x00	0x80	6			41			8	8006000200002900
4	0.000000000	0x01								41	09022900010100a0fa0904000002030000000921110100012274010705810340000107050103400001
5	0.000000000	0x00	0x00	9		0	0			8	0009010000000000
6	0.000000000	0x01								0	
12799	25.737134000	0x00	0x80	6			254			8	800603030904fe00
12802	25.742747000	0x01								28	1c034600580041003900390036003200340030003300370038003700
12803	25.742777000	0x00	0x80	6			254			8	800601030904fe00
12808	25.748745000	0x01								30	1e03560061006c0076006500200053006f00660074007700610072006500
12809	25.748767000	0x00	0x80	6			254			8	800602030904fe00
12812	25.754745000	0x01								34	220353007400650061006d00200043006f006e00740072006f006c006c0065007200
13405	26.942218000	0x00	0x80	6			522			8	8006020309040a02
13408	26.947770000	0x01								34	220353007400650061006d00200043006f006e00740072006f006c006c0065007200
13409	26.947970000	0x00	0x80	6			522			8	8006020309040a02
13414	26.953770000	0x01								34	220353007400650061006d00200043006f006e00740072006f006c006c0065007200
13933	27.996109000	0x00	0x80	6			254			8	800603030904fe00
13936	28.001803000	0x01								28	1c034600580041003900390036003200340030003300370038003700
13937	28.001827000	0x00	0x80	6			254			8	800601030904fe00
13942	28.007790000	0x01								30	1e03560061006c0076006500200053006f00660074007700610072006500
13943	28.007814000	0x00	0x80	6			254			8	800602030904fe00
13946	28.013791000	0x01								34	220353007400650061006d00200043006f006e00740072006f006c006c0065007200
13953	28.023979000	0x00	0x80	6			254			8	800603030904fe00
13956	28.029790000	0x01								28	1c034600580041003900390036003200340030003300370038003700
13957	28.029809000	0x00	0x80	6			254			8	800601030904fe00
13962	28.035791000	0x01								30	1e03560061006c0076006500200053006f00660074007700610072006500
13963	28.035812000	0x00	0x80	6			254			8	800602030904fe00
13966	28.041790000	0x01								34	220353007400650061006d00200043006f006e00740072006f006c006c0065007200
13967	28.041961000	0x00	0x21	0x09		0	64	3	1	72	01830000000000000000000000000000000000000000000000000000000000000000000000000000000000000000000000000000000000000000000000000000
13972	28.047791000	0x01								0	
13973	28.047817000	0x00	0xa1	0x01		0	64	3	1	8	a101010300004000
13976	28.053792000	0x01								64	01831e010213000002000000000a2ef9d26804e3854d6a094a0000000ba00f000000000000000000000000000000000000000000000000000000000000000000
13977	28.053853000	0x00	0x21	0x09		0	64	3	1	72	01ae15010213000002000000000a2ef9d26804e3854d6a0900000000000000000000000000000000000000000000000000000000000000000000000000000000
13980	28.059798000	0x01								0	
13981	28.059817000	0x00	0xa1	0x01		0	64	3	1	8	a101010300004000
13986	28.065791000	0x01								64	01ae1401465841393936323430333738370000000000000000000000000000000000000000000000000000000000000000000000000000000000000000000000
13987	28.065826000	0x00	0x21	0x09		0	64	3	1	72	01870332840300000000000000000000000000000000000000000000000000000000000000000000000000000000000000000000000000000000000000000000
13990	28.071863000	0x01								0	
13991	28.071887000	0x00	0x21	0x09		0	64	3	1	72	01870309000000000000000000000000000000000000000000000000000000000000000000000000000000000000000000000000000000000000000000000000
13998	28.077792000	0x01								0	
14205	28.489701000	0x00	0x21	0x09		0	64	3	1	72	01ae150000000000009fbeeea6fa7f0000f001bd04e7010000000000000000000000000000000000000000000000000000000000000000000000000000000000
14208	28.494804000	0x01								0	
14209	28.494864000	0x00	0xa1	0x01		0	64	3	1	8	a101010300004000
14214	28.500801000	0x01								64	01ae14004d5841324736323330363544340000000000000000000000000000000000000000000000000000000000000000000000000000000000000000000000
14257	28.584031000	0x00	0x21	0x09		0	64	3	1	72	01810000000000000000000000000000000000000000000000000000000000000000000000000000000000000000000000000000000000000000000000000000
14260	28.589805000	0x01								0	
14261	28.589833000	0x00	0x21	0x09		0	64	3	1	72	01870f30180007070008070031020052030000000000000000000000000000000000000000000000000000000000000000000000000000000000000000000000
14268	28.599849000	0x01								0	
14269	28.599876000	0x00	0x21	0x09		0	64	3	1	72	01870f1800002e000034ffff35ffff2e000000000000000000000000000000000000000000000000000000000000000000000000000000000000000000000000
14272	28.605805000	0x01								0	
14273	28.605833000	0x00	0x21	0x09		0	64	3	1	72	01870634ffff35ffff00000000000000000000000000000000000000000000000000000000000000000000000000000000000000000000000000000000000000
14278	28.611804000	0x01								0	
14295	28.648082000	0x00	0x21	0x09		0	64	3	1	72	01f20100000000000000000000000000000000000000000000000000000000000000000000000000000000000000000000000000000000000000000000000000
14300	28.653808000	0x01								0	
14301	28.653826000	0x00	0xa1	0x01		0	64	3	1	8	a101010300004000
14304	28.659804000	0x01								64	01f22900e3854d6a4a00000032366531663765663139353500000000465841393936323430333738370000000000000000000000000000000000000000000000
14305	28.659847000	0x00	0x21	0x09		0	64	3	1	72	01f20101000000000000000000000000000000000000000000000000000000000000000000000000000000000000000000000000000000000000000000000000
14310	28.665803000	0x01								0	
14311	28.665824000	0x00	0xa1	0x01		0	64	3	1	8	a101010300004000
14314	28.671804000	0x01								64	01f22201000000000000000000000000000000000000000000000000000000000000000000000000000000000000000000000000000000000000000000000000
14315	28.671835000	0x00	0x21	0x09		0	64	3	1	72	01f20102000000000000000000000000000000000000000000000000000000000000000000000000000000000000000000000000000000000000000000000000
14320	28.677809000	0x01								0	
14321	28.677830000	0x00	0xa1	0x01		0	64	3	1	8	a101010300004000
14324	28.683808000	0x01								64	01f209023b0d01000000000000000000000000000000000000000000000000000000000000000000000000000000000000000000000000000000000000000000
14325	28.683856000	0x00	0x21	0x09		0	64	3	1	72	0187032d640000000000000000000000000000000000000000000000000000000000000000000000000000000000000000000000000000000000000000000000
14330	28.689804000	0x01								0	
14739	29.496288000	0x00	0x80	6			254			8	800603030904fe00
14742	29.501849000	0x01								28	1c034600580041003900390036003200340030003300370038003700
14743	29.501872000	0x00	0x80	6			254			8	800601030904fe00
14748	29.507825000	0x01								30	1e03560061006c0076006500200053006f00660074007700610072006500
14749	29.507848000	0x00	0x80	6			254			8	800602030904fe00
14752	29.513824000	0x01								34	220353007400650061006d00200043006f006e00740072006f006c006c0065007200
15033	30.072496000	0x00	0x21	0x09		0	64	3	1	72	01870332840300000000000000000000000000000000000000000000000000000000000000000000000000000000000000000000000000000000000000000000
15036	30.077833000	0x01								0	
15037	30.077874000	0x00	0x21	0x09		0	64	3	1	72	0187032d640000000000000000000000000000000000000000000000000000000000000000000000000000000000000000000000000000000000000000000000
15042	30.083839000	0x01								0	
15049	30.085609000	0x00	0x21	0x09		0	64	3	1	72	01830000000000000000000000000000000000000000000000000000000000000000000000000000000000000000000000000000000000000000000000000000
15056	30.090833000	0x01								0	
15057	30.090858000	0x00	0xa1	0x01		0	64	3	1	8	a101010300004000
15060	30.096894000	0x01								64	01831e010213000002000000000a2ef9d26804e3854d6a094a0000000ba00f000000000000000000000000000000000000000000000000000000000000000000
15061	30.096932000	0x00	0x21	0x09		0	64	3	1	72	01ae15010213000002000000000a2ef9d26804e3854d6a0900000000000000000000000000000000000000000000000000000000000000000000000000000000
15066	30.102837000	0x01								0	
15067	30.102860000	0x00	0xa1	0x01		0	64	3	1	8	a101010300004000
15070	30.108838000	0x01								64	01ae1401465841393936323430333738370000000000000000000000000000000000000000000000000000000000000000000000000000000000000000000000
15075	30.116202000	0x00	0x80	6			254			8	800603030904fe00
15078	30.122108000	0x01								28	1c034600580041003900390036003200340030003300370038003700
15079	30.122134000	0x00	0x80	6			254			8	800601030904fe00
15084	30.127837000	0x01								30	1e03560061006c0076006500200053006f00660074007700610072006500
15085	30.127861000	0x00	0x80	6			254			8	800602030904fe00
15088	30.133838000	0x01								34	220353007400650061006d00200043006f006e00740072006f006c006c0065007200
15095	30.143236000	0x00	0x21	0x09		0	64	3	1	72	01ae15007be70100009fbeeea6fa7f00008049244ee7010000000000000000000000000000000000000000000000000000000000000000000000000000000000
15098	30.148852000	0x01								0	
15099	30.148889000	0x00	0xa1	0x01		0	64	3	1	8	a101010300004000
15104	30.154840000	0x01								64	01ae14004d5841324736323330363544340000000000000000000000000000000000000000000000000000000000000000000000000000000000000000000000
15105	30.154870000	0x00	0x21	0x09		0	64	3	1	72	0187032d640000000000000000000000000000000000000000000000000000000000000000000000000000000000000000000000000000000000000000000000
15108	30.160846000	0x01								0	
15109	30.160886000	0x00	0x21	0x09		0	64	3	1	72	01c110ffffffff030905ffffffffffffffffff000000000000000000000000000000000000000000000000000000000000000000000000000000000000000000
15114	30.167105000	0x01								0	
15115	30.167245000	0x00	0x21	0x09		0	64	3	1	72	01dc0201020000000000000000000000000000000000000000000000000000000000000000000000000000000000000000000000000000000000000000000000
15118	30.186843000	0x01								0	
15119	30.186872000	0x00	0x21	0x09		0	64	3	1	72	01e20201200000000000000000000000000000000000000000000000000000000000000000000000000000000000000000000000000000000000000000000000
15124	30.192843000	0x01								0	
15125	30.192882000	0x00	0x21	0x09		0	64	3	1	72	01870322640000000000000000000000000000000000000000000000000000000000000000000000000000000000000000000000000000000000000000000000
15128	30.198836000	0x01								0	
15129	30.198876000	0x00	0x21	0x09		0	64	3	1	72	01870323500000000000000000000000000000000000000000000000000000000000000000000000000000000000000000000000000000000000000000000000
15134	30.204841000	0x01								0	
15135	30.204870000	0x00	0x21	0x09		0	64	3	1	72	01870354000000000000000000000000000000000000000000000000000000000000000000000000000000000000000000000000000000000000000000000000
15138	30.210850000	0x01								0	
15139	30.210890000	0x00	0x21	0x09		0	64	3	1	72	01870355000000000000000000000000000000000000000000000000000000000000000000000000000000000000000000000000000000000000000000000000
15146	30.222842000	0x01								0	
15147	30.222882000	0x00	0x21	0x09		0	64	3	1	72	01f20100000000000000000000000000000000000000000000000000000000000000000000000000000000000000000000000000000000000000000000000000
15152	30.228841000	0x01								0	
15153	30.228874000	0x00	0xa1	0x01		0	64	3	1	8	a101010300004000
15156	30.234839000	0x01								64	01f22900e3854d6a4a00000032366531663765663139353500000000465841393936323430333738370000000000000000000000000000000000000000000000
15157	30.234890000	0x00	0x21	0x09		0	64	3	1	72	01f20101000000000000000000000000000000000000000000000000000000000000000000000000000000000000000000000000000000000000000000000000
15162	30.240844000	0x01								0	
15163	30.240872000	0x00	0xa1	0x01		0	64	3	1	8	a101010300004000
15166	30.246842000	0x01								64	01f22201000000000000000000000000000000000000000000000000000000000000000000000000000000000000000000000000000000000000000000000000
15167	30.247071000	0x00	0x21	0x09		0	64	3	1	72	01f20102000000000000000000000000000000000000000000000000000000000000000000000000000000000000000000000000000000000000000000000000
15172	30.252836000	0x01								0	
15173	30.252859000	0x00	0xa1	0x01		0	64	3	1	8	a101010300004000
15176	30.258839000	0x01								64	01f20902621301000000000000000000000000000000000000000000000000000000000000000000000000000000000000000000000000000000000000000000
15177	30.258878000	0x00	0x21	0x09		0	64	3	1	72	01810000000000000000000000000000000000000000000000000000000000000000000000000000000000000000000000000000000000000000000000000000
15182	30.264838000	0x01								0	
15183	30.264867000	0x00	0x21	0x09		0	64	3	1	72	01870f30180007070008070031020052030000000000000000000000000000000000000000000000000000000000000000000000000000000000000000000000
15188	30.274840000	0x01								0	
15189	30.274876000	0x00	0x21	0x09		0	64	3	1	72	01870f1800002e000034ffff35ffff2e000000000000000000000000000000000000000000000000000000000000000000000000000000000000000000000000
15194	30.280845000	0x01								0	
15195	30.280872000	0x00	0x21	0x09		0	64	3	1	72	01870634ffff35ffff00000000000000000000000000000000000000000000000000000000000000000000000000000000000000000000000000000000000000
15198	30.286839000	0x01								0	
15199	30.286871000	0x00	0x21	0x09		0	64	3	1	72	01810000000000000000000000000000000000000000000000000000000000000000000000000000000000000000000000000000000000000000000000000000
15204	30.292915000	0x01								0	
15205	30.292947000	0x00	0x21	0x09		0	64	3	1	72	01870f30000007070008070031020052030000000000000000000000000000000000000000000000000000000000000000000000000000000000000000000000
15210	30.302842000	0x01								0	
15211	30.302890000	0x00	0x21	0x09		0	64	3	1	72	01870f18000034ffff35ffff34ffff35ffff00000000000000000000000000000000000000000000000000000000000000000000000000000000000000000000
15216	30.308838000	0x01								0	
15217	30.308868000	0x00	0x21	0x09		0	64	3	1	72	0187062e00002e000000000000000000000000000000000000000000000000000000000000000000000000000000000000000000000000000000000000000000
15220	30.314990000	0x01								0	
15221	30.315032000	0x00	0x21	0x09		0	64	3	1	72	01810000000000000000000000000000000000000000000000000000000000000000000000000000000000000000000000000000000000000000000000000000
15226	30.320840000	0x01								0	
15227	30.320866000	0x00	0x21	0x09		0	64	3	1	72	01870f30000007070008070031020052030000000000000000000000000000000000000000000000000000000000000000000000000000000000000000000000
15232	30.330843000	0x01								0	
15233	30.330881000	0x00	0x21	0x09		0	64	3	1	72	01870f18000034ffff35ffff34ffff35ffff00000000000000000000000000000000000000000000000000000000000000000000000000000000000000000000
15238	30.336839000	0x01								0	
15239	30.336873000	0x00	0x21	0x09		0	64	3	1	72	0187062e00002e000000000000000000000000000000000000000000000000000000000000000000000000000000000000000000000000000000000000000000
15242	30.342929000	0x01								0	
15243	30.342960000	0x00	0x21	0x09		0	64	3	1	72	01810000000000000000000000000000000000000000000000000000000000000000000000000000000000000000000000000000000000000000000000000000
15248	30.348984000	0x01								0	
15249	30.349013000	0x00	0x21	0x09		0	64	3	1	72	01870f30000007070008070031020052030000000000000000000000000000000000000000000000000000000000000000000000000000000000000000000000
15254	30.358843000	0x01								0	
15255	30.358892000	0x00	0x21	0x09		0	64	3	1	72	01870f18000034ffff35ffff34ffff35ffff00000000000000000000000000000000000000000000000000000000000000000000000000000000000000000000
15260	30.364841000	0x01								0	
15261	30.364865000	0x00	0x21	0x09		0	64	3	1	72	0187062e00002e000000000000000000000000000000000000000000000000000000000000000000000000000000000000000000000000000000000000000000
15264	30.370843000	0x01								0	
15265	30.370877000	0x00	0x21	0x09		0	64	3	1	72	01810000000000000000000000000000000000000000000000000000000000000000000000000000000000000000000000000000000000000000000000000000
15270	30.376843000	0x01								0	
15271	30.376878000	0x00	0x21	0x09		0	64	3	1	72	01870f30000007070008070031020052030000000000000000000000000000000000000000000000000000000000000000000000000000000000000000000000
15276	30.386845000	0x01								0	
15277	30.386888000	0x00	0x21	0x09		0	64	3	1	72	01870f18000034ffff35ffff34ffff35ffff00000000000000000000000000000000000000000000000000000000000000000000000000000000000000000000
15282	30.392845000	0x01								0	
15283	30.392870000	0x00	0x21	0x09		0	64	3	1	72	0187062e00002e000000000000000000000000000000000000000000000000000000000000000000000000000000000000000000000000000000000000000000
15286	30.398842000	0x01								0	
15287	30.398966000	0x00	0x21	0x09		0	64	3	1	72	01810000000000000000000000000000000000000000000000000000000000000000000000000000000000000000000000000000000000000000000000000000
15292	30.404842000	0x01								0	
15293	30.404871000	0x00	0x21	0x09		0	64	3	1	72	01870f30000007070008070031020052030000000000000000000000000000000000000000000000000000000000000000000000000000000000000000000000
15298	30.414844000	0x01								0	
15299	30.414876000	0x00	0x21	0x09		0	64	3	1	72	01870f18000034ffff35ffff34ffff35ffff00000000000000000000000000000000000000000000000000000000000000000000000000000000000000000000
15304	30.420843000	0x01								0	
15305	30.420871000	0x00	0x21	0x09		0	64	3	1	72	0187062e00002e000000000000000000000000000000000000000000000000000000000000000000000000000000000000000000000000000000000000000000
15308	30.426847000	0x01								0	
15309	30.426949000	0x00	0x21	0x09		0	64	3	1	72	01810000000000000000000000000000000000000000000000000000000000000000000000000000000000000000000000000000000000000000000000000000
15314	30.432841000	0x01								0	
15315	30.432867000	0x00	0x21	0x09		0	64	3	1	72	01870f30000007070008070031020052030000000000000000000000000000000000000000000000000000000000000000000000000000000000000000000000
15320	30.442850000	0x01								0	
15321	30.442877000	0x00	0x21	0x09		0	64	3	1	72	01870f18000034ffff35ffff34ffff35ffff00000000000000000000000000000000000000000000000000000000000000000000000000000000000000000000
15326	30.448851000	0x01								0	
15327	30.448875000	0x00	0x21	0x09		0	64	3	1	72	0187062e00002e000000000000000000000000000000000000000000000000000000000000000000000000000000000000000000000000000000000000000000
15330	30.454844000	0x01								0	
15331	30.454924000	0x00	0x21	0x09		0	64	3	1	72	01810000000000000000000000000000000000000000000000000000000000000000000000000000000000000000000000000000000000000000000000000000
15334	30.460844000	0x01								0	
15335	30.460915000	0x00	0x21	0x09		0	64	3	1	72	01870f30000007070008070031020052030000000000000000000000000000000000000000000000000000000000000000000000000000000000000000000000
15342	30.470847000	0x01								0	
15343	30.470894000	0x00	0x21	0x09		0	64	3	1	72	01870f18000034ffff35ffff34ffff35ffff00000000000000000000000000000000000000000000000000000000000000000000000000000000000000000000
15346	30.476844000	0x01								0	
15347	30.476873000	0x00	0x21	0x09		0	64	3	1	72	0187062e00002e000000000000000000000000000000000000000000000000000000000000000000000000000000000000000000000000000000000000000000
15352	30.482844000	0x01								0	
15353	30.482933000	0x00	0x21	0x09		0	64	3	1	72	01810000000000000000000000000000000000000000000000000000000000000000000000000000000000000000000000000000000000000000000000000000
15356	30.488843000	0x01								0	
15357	30.488863000	0x00	0x21	0x09		0	64	3	1	72	01870f30000007070008070031020052030000000000000000000000000000000000000000000000000000000000000000000000000000000000000000000000
15364	30.498843000	0x01								0	
15365	30.498871000	0x00	0x21	0x09		0	64	3	1	72	01870f18000034ffff35ffff34ffff35ffff00000000000000000000000000000000000000000000000000000000000000000000000000000000000000000000
15368	30.504844000	0x01								0	
15369	30.504888000	0x00	0x21	0x09		0	64	3	1	72	0187062e00002e000000000000000000000000000000000000000000000000000000000000000000000000000000000000000000000000000000000000000000
15374	30.510851000	0x01								0	
15375	30.510945000	0x00	0x21	0x09		0	64	3	1	72	01810000000000000000000000000000000000000000000000000000000000000000000000000000000000000000000000000000000000000000000000000000
15378	30.516850000	0x01								0	
15379	30.516891000	0x00	0x21	0x09		0	64	3	1	72	01870f30000007070008070031020052030000000000000000000000000000000000000000000000000000000000000000000000000000000000000000000000
15386	30.526849000	0x01								0	
15387	30.526877000	0x00	0x21	0x09		0	64	3	1	72	01870f18000034ffff35ffff34ffff35ffff00000000000000000000000000000000000000000000000000000000000000000000000000000000000000000000
15390	30.532851000	0x01								0	
15391	30.532875000	0x00	0x21	0x09		0	64	3	1	72	0187062e00002e000000000000000000000000000000000000000000000000000000000000000000000000000000000000000000000000000000000000000000
15396	30.538848000	0x01								0	
15397	30.538936000	0x00	0x21	0x09		0	64	3	1	72	01810000000000000000000000000000000000000000000000000000000000000000000000000000000000000000000000000000000000000000000000000000
15400	30.544845000	0x01								0	
15401	30.544892000	0x00	0x21	0x09		0	64	3	1	72	01870f30000007070008070031020052030000000000000000000000000000000000000000000000000000000000000000000000000000000000000000000000
15408	30.554855000	0x01								0	
15409	30.554897000	0x00	0x21	0x09		0	64	3	1	72	01870f18000034ffff35ffff34ffff35ffff00000000000000000000000000000000000000000000000000000000000000000000000000000000000000000000
15412	30.560845000	0x01								0	
15413	30.560880000	0x00	0x21	0x09		0	64	3	1	72	0187062e00002e000000000000000000000000000000000000000000000000000000000000000000000000000000000000000000000000000000000000000000
15418	30.566847000	0x01								0	
15419	30.566940000	0x00	0x21	0x09		0	64	3	1	72	0187032d640000000000000000000000000000000000000000000000000000000000000000000000000000000000000000000000000000000000000000000000
15422	30.572843000	0x01								0	
15431	30.574737000	0x00	0x21	0x09		0	64	3	1	72	0187032d640000000000000000000000000000000000000000000000000000000000000000000000000000000000000000000000000000000000000000000000
15436	30.579854000	0x01								0	
15443	30.581667000	0x00	0x21	0x09		0	64	3	1	72	0187032d640000000000000000000000000000000000000000000000000000000000000000000000000000000000000000000000000000000000000000000000
15450	30.586846000	0x01								0	
15457	30.588658000	0x00	0x21	0x09		0	64	3	1	72	01810000000000000000000000000000000000000000000000000000000000000000000000000000000000000000000000000000000000000000000000000000
15464	30.593847000	0x01								0	
15465	30.593879000	0x00	0x21	0x09		0	64	3	1	72	01870f30000007070008070031020052030000000000000000000000000000000000000000000000000000000000000000000000000000000000000000000000
15466	30.597020000	0x00	0x80	6			514			8	8006030309040202
15471	30.603845000	0x01								0	
15472	30.603875000	0x00	0x21	0x09		0	64	3	1	72	01870f18000034ffff35ffff34ffff35ffff00000000000000000000000000000000000000000000000000000000000000000000000000000000000000000000
15475	30.609845000	0x01								28	1c034600580041003900390036003200340030003300370038003700
15476	30.609888000	0x00	0x80	6			514			8	8006010309040202
15481	30.615847000	0x01								0	
15482	30.615882000	0x00	0x21	0x09		0	64	3	1	72	0187062e00002e000000000000000000000000000000000000000000000000000000000000000000000000000000000000000000000000000000000000000000
15485	30.621854000	0x01								30	1e03560061006c0076006500200053006f00660074007700610072006500
15486	30.621880000	0x00	0x80	6			514			8	8006020309040202
15491	30.627844000	0x01								0	
15492	30.627934000	0x00	0x21	0x09		0	64	3	1	72	0187032d640000000000000000000000000000000000000000000000000000000000000000000000000000000000000000000000000000000000000000000000
15495	30.633851000	0x01								34	220353007400650061006d00200043006f006e00740072006f006c006c0065007200
15496	30.634017000	0x00	0x80	6			514			8	8006030309040202
15501	30.639872000	0x01								0	
15508	30.641672000	0x00	0x21	0x09		0	64	3	1	72	0187032d640000000000000000000000000000000000000000000000000000000000000000000000000000000000000000000000000000000000000000000000
15513	30.645848000	0x01								28	1c034600580041003900390036003200340030003300370038003700
15514	30.645874000	0x00	0x80	6			514			8	8006010309040202
15519	30.651855000	0x01								0	
15526	30.653652000	0x00	0x21	0x09		0	64	3	1	72	0187032d640000000000000000000000000000000000000000000000000000000000000000000000000000000000000000000000000000000000000000000000
15531	30.657846000	0x01								30	1e03560061006c0076006500200053006f00660074007700610072006500
15532	30.657870000	0x00	0x80	6			514			8	8006020309040202
15537	30.663851000	0x01								0	
15544	30.665649000	0x00	0x21	0x09		0	64	3	1	72	01870309000000000000000000000000000000000000000000000000000000000000000000000000000000000000000000000000000000000000000000000000
15549	30.669848000	0x01								34	220353007400650061006d00200043006f006e00740072006f006c006c0065007200
15550	30.670007000	0x00	0x80	6			514			8	8006030309040202
15555	30.675852000	0x01								0	
15556	30.675939000	0x00	0x21	0x09		0	64	3	1	72	0187032d640000000000000000000000000000000000000000000000000000000000000000000000000000000000000000000000000000000000000000000000
15559	30.681845000	0x01								28	1c034600580041003900390036003200340030003300370038003700
15560	30.681873000	0x00	0x80	6			514			8	8006010309040202
15565	30.687851000	0x01								0	
15572	30.689652000	0x00	0x21	0x09		0	64	3	1	72	0187032d640000000000000000000000000000000000000000000000000000000000000000000000000000000000000000000000000000000000000000000000
15577	30.693845000	0x01								30	1e03560061006c0076006500200053006f00660074007700610072006500
15578	30.693883000	0x00	0x80	6			514			8	8006020309040202
15583	30.699848000	0x01								0	
15590	30.701665000	0x00	0x21	0x09		0	64	3	1	72	0187032d640000000000000000000000000000000000000000000000000000000000000000000000000000000000000000000000000000000000000000000000
15595	30.705851000	0x01								34	220353007400650061006d00200043006f006e00740072006f006c006c0065007200
15596	30.706097000	0x00	0x80	6			514			8	8006030309040202
15601	30.711846000	0x01								0	
15608	30.713792000	0x00	0x21	0x09		0	64	3	1	72	0187032d640000000000000000000000000000000000000000000000000000000000000000000000000000000000000000000000000000000000000000000000
15613	30.717847000	0x01								28	1c034600580041003900390036003200340030003300370038003700
15614	30.717877000	0x00	0x80	6			514			8	8006010309040202
15619	30.723850000	0x01								0	
15626	30.725665000	0x00	0x21	0x09		0	64	3	1	72	0187032d640000000000000000000000000000000000000000000000000000000000000000000000000000000000000000000000000000000000000000000000
15631	30.729852000	0x01								30	1e03560061006c0076006500200053006f00660074007700610072006500
15632	30.729894000	0x00	0x80	6			514			8	8006020309040202
15637	30.735850000	0x01								0	
15644	30.737673000	0x00	0x21	0x09		0	64	3	1	72	0187032d640000000000000000000000000000000000000000000000000000000000000000000000000000000000000000000000000000000000000000000000
15649	30.741851000	0x01								34	220353007400650061006d00200043006f006e00740072006f006c006c0065007200
15650	30.742078000	0x00	0x21	0x09		0	64	3	1	72	01ae0101000000000000000000000000000000000000000000000000000000000000000000000000000000000000000000000000000000000000000000000000
15655	30.747849000	0x01								0	
15666	30.753854000	0x01								0	
15667	30.754019000	0x00	0xa1	0x01		0	65	3	1	8	a101010300004100
15672	30.761854000	0x01								64	01ae1401465841393936323430333738370000000000000000000000000000000000000000000000000000000000000000000000000000000000000000000000
15673	30.761961000	0x00	0x21	0x09		0	64	3	1	72	01830000000000000000000000000000000000000000000000000000000000000000000000000000000000000000000000000000000000000000000000000000
15678	30.767853000	0x01								0	
15679	30.767916000	0x00	0xa1	0x01		0	65	3	1	8	a101010300004100
15684	30.775853000	0x01								64	01831e010213000002000000000a2ef9d26804e3854d6a094a0000000ba00f000000000000000000000000000000000000000000000000000000000000000000
16389	32.196457000	0x00	0x80	6			1026			8	8006030309040204
16394	32.201890000	0x01								28	1c034600580041003900390036003200340030003300370038003700
16395	32.201921000	0x00	0x80	6			1026			8	8006010309040204
16398	32.207884000	0x01								30	1e03560061006c0076006500200053006f00660074007700610072006500
16399	32.207914000	0x00	0x80	6			1026			8	8006020309040204
16404	32.213881000	0x01								34	220353007400650061006d00200043006f006e00740072006f006c006c0065007200
16407	32.218428000	0x00	0x80	6			1026			8	8006030309040204
16410	32.223885000	0x01								28	1c034600580041003900390036003200340030003300370038003700
16411	32.223916000	0x00	0x80	6			1026			8	8006010309040204
16416	32.229881000	0x01								30	1e03560061006c0076006500200053006f00660074007700610072006500
16417	32.229916000	0x00	0x80	6			1026			8	8006020309040204
16420	32.235885000	0x01								34	220353007400650061006d00200043006f006e00740072006f006c006c0065007200
16433	32.261209000	0x00	0x80	6			514			8	8006030309040202
16438	32.266886000	0x01								28	1c034600580041003900390036003200340030003300370038003700
16439	32.266923000	0x00	0x80	6			514			8	8006010309040202
16442	32.272901000	0x01								30	1e03560061006c0076006500200053006f00660074007700610072006500
16443	32.272930000	0x00	0x80	6			514			8	8006020309040202
16448	32.278881000	0x01								34	220353007400650061006d00200043006f006e00740072006f006c006c0065007200
16449	32.279200000	0x00	0x80	6			514			8	8006030309040202
16452	32.284885000	0x01								28	1c034600580041003900390036003200340030003300370038003700
16453	32.284930000	0x00	0x80	6			514			8	8006010309040202
16458	32.290923000	0x01								30	1e03560061006c0076006500200053006f00660074007700610072006500
16459	32.290951000	0x00	0x80	6			514			8	8006020309040202
16462	32.297094000	0x01								34	220353007400650061006d00200043006f006e00740072006f006c006c0065007200
16465	32.297310000	0x00	0x80	6			514			8	8006030309040202
16468	32.302887000	0x01								28	1c034600580041003900390036003200340030003300370038003700
16469	32.302918000	0x00	0x80	6			514			8	8006010309040202
16472	32.308885000	0x01								30	1e03560061006c0076006500200053006f00660074007700610072006500
16473	32.308908000	0x00	0x80	6			514			8	8006020309040202
16478	32.314916000	0x01								34	220353007400650061006d00200043006f006e00740072006f006c006c0065007200
16479	32.315172000	0x00	0x80	6			514			8	8006030309040202
16482	32.320882000	0x01								28	1c034600580041003900390036003200340030003300370038003700
16483	32.320902000	0x00	0x80	6			514			8	8006010309040202
16488	32.326884000	0x01								30	1e03560061006c0076006500200053006f00660074007700610072006500
16489	32.326951000	0x00	0x80	6			514			8	8006020309040202
16492	32.332883000	0x01								34	220353007400650061006d00200043006f006e00740072006f006c006c0065007200
16493	32.333180000	0x00	0x21	0x09		0	64	3	1	72	01ae0101000000000000000000000000000000000000000000000000000000000000000000000000000000000000000000000000000000000000000000000000
16498	32.338916000	0x01								0	
16499	32.339042000	0x00	0xa1	0x01		0	65	3	1	8	a101010300004100
16504	32.346954000	0x01								64	01ae1401465841393936323430333738370000000000000000000000000000000000000000000000000000000000000000000000000000000000000000000000
16505	32.347030000	0x00	0x21	0x09		0	64	3	1	72	01830000000000000000000000000000000000000000000000000000000000000000000000000000000000000000000000000000000000000000000000000000
16508	32.352882000	0x01								0	
16509	32.352944000	0x00	0xa1	0x01		0	65	3	1	8	a101010300004100
16514	32.360883000	0x01								64	01831e010213000002000000000a2ef9d26804e3854d6a094a0000000ba00f000000000000000000000000000000000000000000000000000000000000000000
16803	32.941749000	0x00	0x80	6			514			8	8006030309040202
16808	32.947096000	0x01								28	1c034600580041003900390036003200340030003300370038003700
16809	32.947127000	0x00	0x80	6			514			8	8006010309040202
16812	32.952901000	0x01								30	1e03560061006c0076006500200053006f00660074007700610072006500
16813	32.952938000	0x00	0x80	6			514			8	8006020309040202
16818	32.958893000	0x01								34	220353007400650061006d00200043006f006e00740072006f006c006c0065007200
16819	32.959048000	0x00	0x80	6			514			8	8006030309040202
16822	32.964898000	0x01								28	1c034600580041003900390036003200340030003300370038003700
16823	32.964921000	0x00	0x80	6			514			8	8006010309040202
16828	32.970900000	0x01								30	1e03560061006c0076006500200053006f00660074007700610072006500
16829	32.970921000	0x00	0x80	6			514			8	8006020309040202
16832	32.976898000	0x01								34	220353007400650061006d00200043006f006e00740072006f006c006c0065007200
16833	32.977057000	0x00	0x80	6			514			8	8006030309040202
16838	32.982924000	0x01								28	1c034600580041003900390036003200340030003300370038003700
16839	32.982947000	0x00	0x80	6			514			8	8006010309040202
16842	32.988900000	0x01								30	1e03560061006c0076006500200053006f00660074007700610072006500
16843	32.988926000	0x00	0x80	6			514			8	8006020309040202
16848	32.994901000	0x01								34	220353007400650061006d00200043006f006e00740072006f006c006c0065007200
16849	32.995147000	0x00	0x80	6			514			8	8006030309040202
16852	33.000896000	0x01								28	1c034600580041003900390036003200340030003300370038003700
16853	33.000917000	0x00	0x80	6			514			8	8006010309040202
16858	33.006897000	0x01								30	1e03560061006c0076006500200053006f00660074007700610072006500
16859	33.006915000	0x00	0x80	6			514			8	8006020309040202
16862	33.012900000	0x01								34	220353007400650061006d00200043006f006e00740072006f006c006c0065007200
16863	33.013073000	0x00	0x21	0x09		0	64	3	1	72	01ae0101000000000000000000000000000000000000000000000000000000000000000000000000000000000000000000000000000000000000000000000000
16866	33.018904000	0x01								0	
16867	33.019026000	0x00	0xa1	0x01		0	65	3	1	8	a101010300004100
16872	33.026906000	0x01								64	01ae1401465841393936323430333738370000000000000000000000000000000000000000000000000000000000000000000000000000000000000000000000
16873	33.026976000	0x00	0x21	0x09		0	64	3	1	72	01830000000000000000000000000000000000000000000000000000000000000000000000000000000000000000000000000000000000000000000000000000
16878	33.032897000	0x01								0	
16879	33.032936000	0x00	0xa1	0x01		0	65	3	1	8	a101010300004100
16884	33.040901000	0x01								64	01831e010213000002000000000a2ef9d26804e3854d6a094a0000000ba00f000000000000000000000000000000000000000000000000000000000000000000
17099	33.467224000	0x00	0x21	0x09		0	64	3	1	72	01870309000000000000000000000000000000000000000000000000000000000000000000000000000000000000000000000000000000000000000000000000
17102	33.472913000	0x01								0	
18047	35.375122000	0x00	0x80	6			514			8	8006030309040202
18052	35.380949000	0x01								28	1c034600580041003900390036003200340030003300370038003700
18053	35.381017000	0x00	0x80	6			514			8	8006010309040202
18056	35.386947000	0x01								30	1e03560061006c0076006500200053006f00660074007700610072006500
18057	35.386966000	0x00	0x80	6			514			8	8006020309040202
18062	35.392948000	0x01								34	220353007400650061006d00200043006f006e00740072006f006c006c0065007200
18063	35.393086000	0x00	0x80	6			514			8	8006030309040202
18066	35.398945000	0x01								28	1c034600580041003900390036003200340030003300370038003700
18067	35.398965000	0x00	0x80	6			514			8	8006010309040202
18072	35.404948000	0x01								30	1e03560061006c0076006500200053006f00660074007700610072006500
18073	35.404966000	0x00	0x80	6			514			8	8006020309040202
18076	35.410949000	0x01								34	220353007400650061006d00200043006f006e00740072006f006c006c0065007200
18077	35.411091000	0x00	0x80	6			514			8	8006030309040202
18082	35.416946000	0x01								28	1c034600580041003900390036003200340030003300370038003700
18083	35.416963000	0x00	0x80	6			514			8	8006010309040202
18086	35.422948000	0x01								30	1e03560061006c0076006500200053006f00660074007700610072006500
18087	35.422972000	0x00	0x80	6			514			8	8006020309040202
18092	35.428951000	0x01								34	220353007400650061006d00200043006f006e00740072006f006c006c0065007200
18093	35.429136000	0x00	0x80	6			514			8	8006030309040202
18096	35.434948000	0x01								28	1c034600580041003900390036003200340030003300370038003700
18097	35.434985000	0x00	0x80	6			514			8	8006010309040202
18102	35.440947000	0x01								30	1e03560061006c0076006500200053006f00660074007700610072006500
18103	35.440965000	0x00	0x80	6			514			8	8006020309040202
18106	35.446946000	0x01								34	220353007400650061006d00200043006f006e00740072006f006c006c0065007200
18107	35.447140000	0x00	0x21	0x09		0	64	3	1	72	01ae0101000000000000000000000000000000000000000000000000000000000000000000000000000000000000000000000000000000000000000000000000
18112	35.452947000	0x01								0	
18113	35.453067000	0x00	0xa1	0x01		0	65	3	1	8	a101010300004100
18118	35.460946000	0x01								64	01ae1401465841393936323430333738370000000000000000000000000000000000000000000000000000000000000000000000000000000000000000000000
18119	35.460986000	0x00	0x21	0x09		0	64	3	1	72	01830000000000000000000000000000000000000000000000000000000000000000000000000000000000000000000000000000000000000000000000000000
18122	35.466947000	0x01								0	
18123	35.466992000	0x00	0xa1	0x01		0	65	3	1	8	a101010300004100
18128	35.474947000	0x01								64	01831e010213000002000000000a2ef9d26804e3854d6a094a0000000ba00f000000000000000000000000000000000000000000000000000000000000000000
18403	36.025601000	0x00	0x80	6			514			8	8006030309040202
18406	36.030960000	0x01								28	1c034600580041003900390036003200340030003300370038003700
18407	36.030990000	0x00	0x80	6			514			8	8006010309040202
18412	36.036959000	0x01								30	1e03560061006c0076006500200053006f00660074007700610072006500
18413	36.036986000	0x00	0x80	6			514			8	8006020309040202
18416	36.042961000	0x01								34	220353007400650061006d00200043006f006e00740072006f006c006c0065007200
18417	36.043101000	0x00	0x80	6			514			8	8006030309040202
18422	36.048958000	0x01								28	1c034600580041003900390036003200340030003300370038003700
18423	36.048979000	0x00	0x80	6			514			8	8006010309040202
18426	36.054960000	0x01								30	1e03560061006c0076006500200053006f00660074007700610072006500
18427	36.054996000	0x00	0x80	6			514			8	8006020309040202
18432	36.060964000	0x01								34	220353007400650061006d00200043006f006e00740072006f006c006c0065007200
18433	36.061093000	0x00	0x80	6			514			8	8006030309040202
18436	36.066965000	0x01								28	1c034600580041003900390036003200340030003300370038003700
18437	36.066998000	0x00	0x80	6			514			8	8006010309040202
18442	36.072962000	0x01								30	1e03560061006c0076006500200053006f00660074007700610072006500
18443	36.072984000	0x00	0x80	6			514			8	8006020309040202
18446	36.078963000	0x01								34	220353007400650061006d00200043006f006e00740072006f006c006c0065007200
18447	36.079133000	0x00	0x80	6			514			8	8006030309040202
18452	36.084964000	0x01								28	1c034600580041003900390036003200340030003300370038003700
18453	36.084995000	0x00	0x80	6			514			8	8006010309040202
18456	36.090962000	0x01								30	1e03560061006c0076006500200053006f00660074007700610072006500
18457	36.090994000	0x00	0x80	6			514			8	8006020309040202
18462	36.097003000	0x01								34	220353007400650061006d00200043006f006e00740072006f006c006c0065007200
18463	36.097127000	0x00	0x21	0x09		0	64	3	1	72	01ae0101000000000000000000000000000000000000000000000000000000000000000000000000000000000000000000000000000000000000000000000000
18466	36.102970000	0x01								0	
18467	36.103055000	0x00	0xa1	0x01		0	65	3	1	8	a101010300004100
18472	36.110962000	0x01								64	01ae1401465841393936323430333738370000000000000000000000000000000000000000000000000000000000000000000000000000000000000000000000
18473	36.111003000	0x00	0x21	0x09		0	64	3	1	72	01830000000000000000000000000000000000000000000000000000000000000000000000000000000000000000000000000000000000000000000000000000
18476	36.116962000	0x01								0	
18477	36.116995000	0x00	0xa1	0x01		0	65	3	1	8	a101010300004100
18482	36.124961000	0x01								64	01831e010213000002000000000a2ef9d26804e3854d6a094a0000000ba00f000000000000000000000000000000000000000000000000000000000000000000
18655	36.467394000	0x00	0x21	0x09		0	64	3	1	72	01870309000000000000000000000000000000000000000000000000000000000000000000000000000000000000000000000000000000000000000000000000
18658	36.472973000	0x01								0	
20149	39.469032000	0x00	0x21	0x09		0	64	3	1	72	01870309000000000000000000000000000000000000000000000000000000000000000000000000000000000000000000000000000000000000000000000000
20152	39.474043000	0x01								0	
20867	40.909000000	0x00	0x21	0x09		0	64	3	1	72	01ed18757365722f776972656c6573735f7472616e73706f72740000000000000000000000000000000000000000000000000000000000000000000000000000
20870	40.914069000	0x01								0	
20871	40.914109000	0x00	0xa1	0x01		0	64	3	1	8	a101010300004000
20876	40.920069000	0x01								64	01ed01007365722f776972656c6573735f7472616e73706f72740000000000000000000000000000000000000000000000000000000000000000000000000000
20895	40.958074000	0x00	0x21	0x09		0	64	3	1	72	01ed096573622f626f6e640000000000000000000000000000000000000000000000000000000000000000000000000000000000000000000000000000000000
20898	40.963065000	0x01								0	
20899	40.963087000	0x00	0xa1	0x01		0	64	3	1	8	a101010300004000
20904	40.969065000	0x01								64	01ed1897cb7bf07fe615134658423939363234303338343700000000000000000000000000000000000000000000000000000000000000000000000000000000
20923	41.007178000	0x00	0x21	0x09		0	64	3	1	72	01ed0b6573622f626f6e645f32000000000000000000000000000000000000000000000000000000000000000000000000000000000000000000000000000000
20928	41.013070000	0x01								0	
20929	41.013095000	0x00	0xa1	0x01		0	64	3	1	8	a101010300004000
20932	41.019067000	0x01								64	01ed006573622f626f6e645f32000000000000000000000000000000000000000000000000000000000000000000000000000000000000000000000000000000
21655	42.471190000	0x00	0x21	0x09		0	64	3	1	72	01870309000000000000000000000000000000000000000000000000000000000000000000000000000000000000000000000000000000000000000000000000
21658	42.477105000	0x01								0	
23149	45.473480000	0x00	0x21	0x09		0	64	3	1	72	01870309000000000000000000000000000000000000000000000000000000000000000000000000000000000000000000000000000000000000000000000000
23152	45.479169000	0x01								0	
24643	48.474935000	0x00	0x21	0x09		0	64	3	1	72	01870309000000000000000000000000000000000000000000000000000000000000000000000000000000000000000000000000000000000000000000000000
24646	48.480222000	0x01								0	
26137	51.475153000	0x00	0x21	0x09		0	64	3	1	72	01870309000000000000000000000000000000000000000000000000000000000000000000000000000000000000000000000000000000000000000000000000
26140	51.480287000	0x01								0	
27211	53.637696000	0x00	0x21	0x09		0	64	3	1	72	01810000000000000000000000000000000000000000000000000000000000000000000000000000000000000000000000000000000000000000000000000000
27216	53.643334000	0x01								0	
27217	53.643358000	0x00	0x21	0x09		0	64	3	1	72	01870f30180007070008070031020052030000000000000000000000000000000000000000000000000000000000000000000000000000000000000000000000
27222	53.653336000	0x01								0	
27223	53.653374000	0x00	0x21	0x09		0	64	3	1	72	01870f1800002e000034ffff35ffff2e000000000000000000000000000000000000000000000000000000000000000000000000000000000000000000000000
27228	53.659331000	0x01								0	
27229	53.659355000	0x00	0x21	0x09		0	64	3	1	72	01870634ffff35ffff00000000000000000000000000000000000000000000000000000000000000000000000000000000000000000000000000000000000000
27232	53.665330000	0x01								0	
27263	53.708903000	0x00	0x21	0x09		0	64	3	1	72	0187032d640000000000000000000000000000000000000000000000000000000000000000000000000000000000000000000000000000000000000000000000
27268	53.714363000	0x01								0	
27657	54.477402000	0x00	0x21	0x09		0	64	3	1	72	01870309000000000000000000000000000000000000000000000000000000000000000000000000000000000000000000000000000000000000000000000000
27660	54.482348000	0x01								0	
29149	57.479374000	0x00	0x21	0x09		0	64	3	1	72	01870309000000000000000000000000000000000000000000000000000000000000000000000000000000000000000000000000000000000000000000000000
29152	57.484412000	0x01								0	
30643	60.481467000	0x00	0x21	0x09		0	64	3	1	72	01870309000000000000000000000000000000000000000000000000000000000000000000000000000000000000000000000000000000000000000000000000
30646	60.486475000	0x01								0	
32145	63.482785000	0x00	0x21	0x09		0	64	3	1	72	01870309000000000000000000000000000000000000000000000000000000000000000000000000000000000000000000000000000000000000000000000000
32150	63.488546000	0x01								0	
33671	66.483088000	0x00	0x21	0x09		0	64	3	1	72	01870309000000000000000000000000000000000000000000000000000000000000000000000000000000000000000000000000000000000000000000000000
33674	66.488605000	0x01								0	
35193	69.483525000	0x00	0x21	0x09		0	64	3	1	72	01870309000000000000000000000000000000000000000000000000000000000000000000000000000000000000000000000000000000000000000000000000
35196	69.488666000	0x01								0	
36723	72.485241000	0x00	0x21	0x09		0	64	3	1	72	01870309000000000000000000000000000000000000000000000000000000000000000000000000000000000000000000000000000000000000000000000000
36726	72.490732000	0x01								0	
38221	75.487359000	0x00	0x21	0x09		0	64	3	1	72	01870309000000000000000000000000000000000000000000000000000000000000000000000000000000000000000000000000000000000000000000000000
38224	75.492794000	0x01								0	
39713	78.487549000	0x00	0x21	0x09		0	64	3	1	72	01870309000000000000000000000000000000000000000000000000000000000000000000000000000000000000000000000000000000000000000000000000
39716	78.492857000	0x01								0	
41207	81.489375000	0x00	0x21	0x09		0	64	3	1	72	01870309000000000000000000000000000000000000000000000000000000000000000000000000000000000000000000000000000000000000000000000000
41210	81.494928000	0x01								0	
42701	84.491421000	0x00	0x21	0x09		0	64	3	1	72	01870309000000000000000000000000000000000000000000000000000000000000000000000000000000000000000000000000000000000000000000000000
42704	84.496991000	0x01								0	
44195	87.493438000	0x00	0x21	0x09		0	64	3	1	72	01870309000000000000000000000000000000000000000000000000000000000000000000000000000000000000000000000000000000000000000000000000
44200	87.499048000	0x01								0	
45689	90.495095000	0x00	0x21	0x09		0	64	3	1	72	01870309000000000000000000000000000000000000000000000000000000000000000000000000000000000000000000000000000000000000000000000000
45692	90.500112000	0x01								0	
45883	90.881942000	0x00	0x21	0x09		0	64	3	1	72	01810000000000000000000000000000000000000000000000000000000000000000000000000000000000000000000000000000000000000000000000000000
45888	90.887116000	0x01								0	
45889	90.887141000	0x00	0x21	0x09		0	64	3	1	72	01870f30000007070008070031020052030000000000000000000000000000000000000000000000000000000000000000000000000000000000000000000000
45894	90.897119000	0x01								0	
45895	90.897141000	0x00	0x21	0x09		0	64	3	1	72	01870f18000034ffff35ffff2e0000340a0000000000000000000000000000000000000000000000000000000000000000000000000000000000000000000000
45900	90.903115000	0x01								0	
45901	90.903135000	0x00	0x21	0x09		0	64	3	1	72	0187032e000000000000000000000000000000000000000000000000000000000000000000000000000000000000000000000000000000000000000000000000
45904	90.909133000	0x01								0	
45911	90.923044000	0x00	0x21	0x09		0	64	3	1	72	0187032d640000000000000000000000000000000000000000000000000000000000000000000000000000000000000000000000000000000000000000000000
45916	90.928116000	0x01								0	
45957	90.995137000	0x00	0x21	0x09		0	64	3	1	72	01810000000000000000000000000000000000000000000000000000000000000000000000000000000000000000000000000000000000000000000000000000
45962	91.000128000	0x01								0	
45963	91.000151000	0x00	0x21	0x09		0	64	3	1	72	01870f30180007070008070031020052030000000000000000000000000000000000000000000000000000000000000000000000000000000000000000000000
45968	91.010119000	0x01								0	
45969	91.010142000	0x00	0x21	0x09		0	64	3	1	72	01870f1800002e000034ffff35ffff2e000000000000000000000000000000000000000000000000000000000000000000000000000000000000000000000000
45974	91.016119000	0x01								0	
45975	91.016144000	0x00	0x21	0x09		0	64	3	1	72	01870634ffff35ffff00000000000000000000000000000000000000000000000000000000000000000000000000000000000000000000000000000000000000
45978	91.022122000	0x01								0	
46003	91.070593000	0x00	0x21	0x09		0	64	3	1	72	0187032d640000000000000000000000000000000000000000000000000000000000000000000000000000000000000000000000000000000000000000000000
46006	91.076118000	0x01								0	
46605	92.263567000	0x00	0x21	0x09		0	64	3	1	72	01810000000000000000000000000000000000000000000000000000000000000000000000000000000000000000000000000000000000000000000000000000
46610	92.269146000	0x01								0	
46611	92.269172000	0x00	0x21	0x09		0	64	3	1	72	01870f30000007070008070031020052030000000000000000000000000000000000000000000000000000000000000000000000000000000000000000000000
46616	92.279146000	0x01								0	
46617	92.279170000	0x00	0x21	0x09		0	64	3	1	72	01870f18000034ffff35ffff2e0000340a0000000000000000000000000000000000000000000000000000000000000000000000000000000000000000000000
46622	92.285144000	0x01								0	
46623	92.285162000	0x00	0x21	0x09		0	64	3	1	72	0187032e000000000000000000000000000000000000000000000000000000000000000000000000000000000000000000000000000000000000000000000000
46626	92.291152000	0x01								0	
46631	92.298530000	0x00	0x21	0x09		0	64	3	1	72	0187032d640000000000000000000000000000000000000000000000000000000000000000000000000000000000000000000000000000000000000000000000
46634	92.304144000	0x01								0	
46745	92.508920000	0x00	0x21	0x09		0	64	3	1	72	01810000000000000000000000000000000000000000000000000000000000000000000000000000000000000000000000000000000000000000000000000000
46748	92.514150000	0x01								0	
46749	92.514180000	0x00	0x21	0x09		0	64	3	1	72	01870f30180007070008070031020052030000000000000000000000000000000000000000000000000000000000000000000000000000000000000000000000
46756	92.524153000	0x01								0	
46757	92.524191000	0x00	0x21	0x09		0	64	3	1	72	01870f1800002e000034ffff35ffff2e000000000000000000000000000000000000000000000000000000000000000000000000000000000000000000000000
46760	92.530151000	0x01								0	
46761	92.530173000	0x00	0x21	0x09		0	64	3	1	72	01870634ffff35ffff00000000000000000000000000000000000000000000000000000000000000000000000000000000000000000000000000000000000000
46766	92.536154000	0x01								0	
46771	92.544211000	0x00	0x21	0x09		0	64	3	1	72	0187032d640000000000000000000000000000000000000000000000000000000000000000000000000000000000000000000000000000000000000000000000
46774	92.549151000	0x01								0	
47255	93.497336000	0x00	0x21	0x09		0	64	3	1	72	01870309000000000000000000000000000000000000000000000000000000000000000000000000000000000000000000000000000000000000000000000000
47260	93.503172000	0x01								0	
48755	96.499448000	0x00	0x21	0x09		0	64	3	1	72	01870309000000000000000000000000000000000000000000000000000000000000000000000000000000000000000000000000000000000000000000000000
48758	96.505235000	0x01								0	
50255	99.501164000	0x00	0x21	0x09		0	64	3	1	72	01870309000000000000000000000000000000000000000000000000000000000000000000000000000000000000000000000000000000000000000000000000
50258	99.506297000	0x01								0	
51749	102.501884000	0x00	0x21	0x09		0	64	3	1	72	01870309000000000000000000000000000000000000000000000000000000000000000000000000000000000000000000000000000000000000000000000000
51752	102.507364000	0x01								0	
53243	105.502865000	0x00	0x21	0x09		0	64	3	1	72	01870309000000000000000000000000000000000000000000000000000000000000000000000000000000000000000000000000000000000000000000000000
53246	105.508427000	0x01								0	
54773	108.503336000	0x00	0x21	0x09		0	64	3	1	72	01870309000000000000000000000000000000000000000000000000000000000000000000000000000000000000000000000000000000000000000000000000
54778	108.508489000	0x01								0	
56343	111.505146000	0x00	0x21	0x09		0	64	3	1	72	01870309000000000000000000000000000000000000000000000000000000000000000000000000000000000000000000000000000000000000000000000000
56346	111.510551000	0x01								0	
57845	114.507048000	0x00	0x21	0x09		0	64	3	1	72	01870309000000000000000000000000000000000000000000000000000000000000000000000000000000000000000000000000000000000000000000000000
57848	114.512617000	0x01								0	
58521	115.865209000	0x00	0x21	0x09		0	64	3	1	72	01810000000000000000000000000000000000000000000000000000000000000000000000000000000000000000000000000000000000000000000000000000
58524	115.870645000	0x01								0	
58525	115.870673000	0x00	0x21	0x09		0	64	3	1	72	01870f30000007070008070031020052030000000000000000000000000000000000000000000000000000000000000000000000000000000000000000000000
58532	115.880647000	0x01								0	
58533	115.880672000	0x00	0x21	0x09		0	64	3	1	72	01870f18000034ffff35ffff34ffff35ffff00000000000000000000000000000000000000000000000000000000000000000000000000000000000000000000
58536	115.886644000	0x01								0	
58537	115.886670000	0x00	0x21	0x09		0	64	3	1	72	0187062e00002e000000000000000000000000000000000000000000000000000000000000000000000000000000000000000000000000000000000000000000
58540	115.892644000	0x01								0	
58553	115.914661000	0x00	0x21	0x09		0	64	3	1	72	0187032d640000000000000000000000000000000000000000000000000000000000000000000000000000000000000000000000000000000000000000000000
58556	115.919650000	0x01								0	
59357	117.509069000	0x00	0x21	0x09		0	64	3	1	72	01870309000000000000000000000000000000000000000000000000000000000000000000000000000000000000000000000000000000000000000000000000
59360	117.514677000	0x01								0	
60435	119.675875000	0x00	0x21	0x09		0	64	3	1	72	01850000000000000000000000000000000000000000000000000000000000000000000000000000000000000000000000000000000000000000000000000000
60438	119.681767000	0x01								0	
60439	119.681796000	0x00	0x21	0x09		0	64	3	1	72	018e0000000000000000000000000000000000000000000000000000000000000000000000000000000000000000000000000000000000000000000000000000
60446	119.701724000	0x01								0	
60853	120.511305000	0x00	0x21	0x09		0	64	3	1	72	01870309000000000000000000000000000000000000000000000000000000000000000000000000000000000000000000000000000000000000000000000000
60860	120.516739000	0x01								0	
